Acc_X_1,Acc_Y_1,Acc_Z_1,Gyro_X_1,Gyro_Y_1,Gyro_Z_1,Mag_X_1,Mag_Y_1,Mag_Z_1,Acc_X_2,Acc_Y_2,Acc_Z_2,Gyro_X_2,Gyro_Y_2,Gyro_Z_2,Mag_X_2,Mag_Y_2,Mag_Z_2,Acc_X_3,Acc_Y_3,Acc_Z_3,Gyro_X_3,Gyro_Y_3,Gyro_Z_3
640.0,-31104.0,-7936.0,128.0,-448.0,-435.0,-0.0,-0.0,-0.0,576.0,-14528.0,-7960.0,-3.0,95.0,-325.0,-26.0,-130.0,11.0,-1.78,9.38,1.85,-0.08,0.07,-0.04
512.0,-31192.0,-8128.0,4.0,-108.0,10.0,-0.0,-0.0,-0.0,136.0,-14368.0,-8080.0,331.0,-521.0,135.0,-21.0,-133.0,11.0,-1.76,9.38,1.92,-0.08,0.05,-0.02
256.0,-31040.0,-8184.0,89.0,-64.0,6.0,-0.0,-0.0,-0.0,312.0,-14344.0,-8152.0,257.0,-315.0,136.0,-20.0,-142.0,10.0,-1.66,9.38,1.91,-0.06,0.01,-0.02
608.0,-31064.0,-8128.0,14.0,1.0,18.0,-0.0,-0.0,-0.0,840.0,-14312.0,-8040.0,-258.0,59.0,-231.0,-29.0,-140.0,11.0,-1.73,9.39,1.86,-0.06,0.01,-0.03
-0.0,-30656.0,-8192.0,160.0,228.0,-24.0,-0.0,-0.0,-0.0,744.0,-14152.0,-8136.0,-34.0,227.0,410.0,-15.0,-137.0,20.0,-1.7,9.42,1.88,-0.07,0.01,-0.02
552.0,-30976.0,-8000.0,147.0,-0.0,1.0,-0.0,-0.0,-0.0,600.0,-14504.0,-8040.0,52.0,-314.0,-126.0,-21.0,-148.0,21.0,-1.78,9.38,1.88,-0.07,0.02,-0.01
608.0,-31224.0,-8120.0,106.0,200.0,-56.0,-0.0,-0.0,-0.0,608.0,-14384.0,-8016.0,187.0,46.0,-69.0,-21.0,-130.0,26.0,-1.77,9.43,1.84,-0.07,-0.01,0.0
544.0,-31072.0,-8128.0,129.0,262.0,-0.0,-0.0,-0.0,-0.0,616.0,-14384.0,-8088.0,-249.0,-49.0,296.0,-23.0,-147.0,10.0,-1.78,9.4,1.87,-0.06,0.0,0.01
696.0,-30952.0,-8192.0,132.0,384.0,68.0,-0.0,-0.0,-0.0,640.0,-14392.0,-8184.0,-29.0,188.0,238.0,-33.0,-138.0,14.0,-1.68,9.4,1.88,-0.06,-0.02,0.01
64.0,-31040.0,-8000.0,161.0,74.0,70.0,-0.0,-0.0,-0.0,616.0,-14360.0,-8056.0,-235.0,468.0,-149.0,-15.0,-139.0,22.0,-1.71,9.39,1.87,-0.06,-0.01,0.01
8.0,-31152.0,-9152.0,2.0,512.0,256.0,-0.0,-0.0,-0.0,-1800.0,-14896.0,-9296.0,-73.0,1336.0,744.0,-32.0,-144.0,15.0,-1.95,9.37,3.26,0.07,-0.34,-0.01
192.0,-16360.0,-8168.0,2.0,3332.0,169.0,-0.0,-0.0,-0.0,656.0,-14088.0,-7696.0,-274.0,3312.0,2242.0,-23.0,-134.0,20.0,-1.92,9.25,1.35,0.17,-0.47,-0.06
1072.0,-31232.0,-8120.0,-512.0,5408.0,4.0,-0.0,-0.0,-0.0,1480.0,-14352.0,-7776.0,-1138.0,5389.0,1952.0,-16.0,-135.0,16.0,-0.7,9.7,1.28,0.17,-0.54,-0.0
11568.0,-29936.0,-6656.0,4103.0,4352.0,80.0,-0.0,-0.0,-0.0,12128.0,-13856.0,-4536.0,2895.0,-5045.0,-3209.0,-10.0,-122.0,17.0,3.57,11.83,0.57,-1.05,1.05,-0.12
64.0,-31640.0,-7672.0,312.0,768.0,-11968.0,-0.0,-0.0,-0.0,680.0,-14656.0,-9152.0,1794.0,-19097.0,-8856.0,-19.0,-128.0,16.0,-4.4,9.3,0.07,-0.85,2.1,-0.02
528.0,-16640.0,40.0,1664.0,-7787.0,-5844.0,-0.0,-0.0,-0.0,-6600.0,-15896.0,-8784.0,226.0,-2815.0,-4895.0,-49.0,-137.0,20.0,-3.88,7.77,4.01,-0.13,-0.03,-0.09
-14136.0,-32128.0,-13056.0,-1972.0,16531.0,642.0,-0.0,-0.0,-0.0,-13680.0,-14856.0,-9920.0,-607.0,24153.0,8200.0,-46.0,-125.0,7.0,-4.78,7.71,2.3,2.22,-4.05,-0.0
2440.0,-32000.0,-2656.0,-7151.0,8.0,2052.0,-0.0,-0.0,-0.0,3696.0,-15976.0,-832.0,-7048.0,26695.0,5434.0,-14.0,-108.0,-0.0,0.35,10.19,3.61,1.69,-2.79,0.04
-0.0,-29176.0,-1952.0,-7871.0,7702.0,1665.0,-0.0,-0.0,-0.0,12192.0,-12512.0,-1208.0,80.0,4168.0,6886.0,3.0,-101.0,-10.0,-1.15,10.08,-0.47,-0.06,-0.45,-0.33
-0.0,-31992.0,-6384.0,146.0,-16343.0,-1536.0,-0.0,-0.0,-0.0,12664.0,-13968.0,-3808.0,1045.0,-16157.0,-3393.0,1.0,-89.0,10.0,0.18,10.83,-2.29,-1.47,2.82,-0.28
-0.0,-31920.0,-3512.0,-2719.0,423.0,-11750.0,-0.0,-0.0,-0.0,536.0,-14672.0,-2760.0,1286.0,-26923.0,-3961.0,-14.0,-103.0,11.0,-3.53,8.89,-1.61,-2.39,3.9,-0.22
176.0,-16368.0,-11504.0,256.0,-24558.0,-11232.0,-0.0,-0.0,-0.0,-8104.0,-15712.0,-9104.0,3629.0,-16646.0,-6043.0,-56.0,-122.0,27.0,-5.13,7.28,2.25,-1.14,1.67,0.06
-19968.0,-31648.0,-13280.0,1477.0,13345.0,1040.0,-0.0,-0.0,-0.0,-15728.0,-15328.0,-11216.0,3369.0,17198.0,6605.0,-62.0,-118.0,26.0,-6.26,8.96,4.57,1.73,-3.62,-0.08
-3328.0,-32128.0,-5824.0,1226.0,740.0,2436.0,-0.0,-0.0,-0.0,-296.0,-17216.0,-3568.0,-1504.0,28927.0,10012.0,-27.0,-122.0,8.0,-0.82,10.04,1.54,1.94,-3.74,0.01
-0.0,-30560.0,24.0,-8124.0,4352.0,16.0,-0.0,-0.0,-0.0,11080.0,-13520.0,-1336.0,-6473.0,16109.0,6221.0,-1.0,-96.0,3.0,-1.85,9.07,-0.96,0.81,-1.41,-0.03
288.0,-30680.0,-7032.0,128.0,-12276.0,1280.0,-0.0,-0.0,-0.0,16416.0,-14400.0,-3944.0,5092.0,-15397.0,-374.0,27.0,-96.0,1.0,1.08,10.88,-3.45,-0.77,1.22,-0.11
8.0,-31352.0,-3544.0,8.0,265.0,-10592.0,-0.0,-0.0,-0.0,7232.0,-15296.0,-4072.0,-413.0,-16873.0,-10002.0,7.0,-98.0,7.0,-1.24,10.02,-2.32,-1.89,2.95,-0.05
512.0,-32768.0,-5632.0,4424.0,-20350.0,-12280.0,-0.0,-0.0,-0.0,-4400.0,-13344.0,-7224.0,1987.0,-16213.0,-10521.0,-37.0,-104.0,3.0,-4.5,7.9,1.24,-1.6,2.12,0.02
-10040.0,-17232.0,-7120.0,-0.0,-21248.0,-8151.0,-0.0,-0.0,-0.0,-12168.0,-17248.0,-8080.0,1873.0,-15687.0,-6376.0,-50.0,-123.0,16.0,-6.27,5.7,6.31,-0.58,1.16,0.13
-16184.0,-31632.0,-10928.0,-1520.0,336.0,292.0,-0.0,-0.0,-0.0,-15392.0,-16328.0,-9920.0,-797.0,14986.0,7243.0,-75.0,-115.0,21.0,-4.31,8.32,6.0,1.26,-2.11,-0.02
512.0,-17760.0,-5872.0,-8150.0,4672.0,2560.0,-0.0,-0.0,-0.0,24.0,-17256.0,-3768.0,-6732.0,29496.0,11874.0,-33.0,-103.0,19.0,-2.63,9.26,-0.03,1.66,-3.08,-0.09
352.0,-32248.0,-3952.0,-7935.0,17920.0,384.0,-0.0,-0.0,-0.0,8808.0,-14128.0,-1184.0,-3190.0,15539.0,8085.0,3.0,-86.0,10.0,-2.26,8.93,-3.25,1.14,-1.76,0.07
16432.0,-30536.0,-7904.0,986.0,-6372.0,528.0,-0.0,-0.0,-0.0,18456.0,-13968.0,-4344.0,1235.0,-9509.0,-864.0,24.0,-85.0,14.0,2.25,10.84,-4.5,-0.69,1.54,-0.06
-0.0,-31552.0,-7040.0,25.0,2336.0,-10236.0,-0.0,-0.0,-0.0,7888.0,-15448.0,-4424.0,1716.0,-17877.0,-10141.0,-10.0,-89.0,15.0,-2.52,9.63,-3.49,-1.67,2.55,-0.19
1568.0,-32640.0,-4032.0,1056.0,-22456.0,-13808.0,-0.0,-0.0,-0.0,-1960.0,-16728.0,-4224.0,3501.0,-17707.0,-11735.0,-33.0,-105.0,4.0,-5.76,8.62,1.58,-1.55,2.09,-0.15
-12224.0,-16896.0,264.0,4160.0,-21407.0,-10216.0,-0.0,-0.0,-0.0,-15216.0,-16576.0,-7872.0,3567.0,-16085.0,-6506.0,-64.0,-114.0,13.0,-7.59,5.66,6.45,-0.53,1.21,0.07
-15600.0,-31992.0,-9976.0,133.0,10256.0,137.0,-0.0,-0.0,-0.0,-14072.0,-16816.0,-9464.0,-784.0,13008.0,6868.0,-62.0,-130.0,7.0,-3.27,8.46,6.66,1.11,-1.69,-0.02
-3408.0,-32736.0,-6272.0,16.0,1034.0,2115.0,-0.0,-0.0,-0.0,-456.0,-17336.0,-4040.0,-5216.0,26328.0,11852.0,-52.0,-106.0,5.0,-4.33,9.45,-0.13,1.49,-2.71,-0.08
1152.0,-32128.0,-4040.0,-8192.0,1089.0,22.0,-0.0,-0.0,-0.0,8800.0,-15488.0,-1968.0,-3359.0,14954.0,7403.0,-8.0,-86.0,13.0,-2.99,9.05,-2.52,0.99,-1.41,0.08
16728.0,-29432.0,-4080.0,1576.0,521.0,-0.0,-0.0,-0.0,-0.0,17480.0,-13424.0,-3296.0,3167.0,-8681.0,240.0,12.0,-95.0,9.0,2.49,10.74,-4.42,-0.68,1.19,-0.01
64.0,-16384.0,-3072.0,1344.0,1282.0,-16245.0,-0.0,-0.0,-0.0,7112.0,-16168.0,-1664.0,1483.0,-26028.0,-12416.0,-14.0,-85.0,28.0,-1.8,9.17,-2.96,-2.38,3.67,-0.27
256.0,-18432.0,-8960.0,288.0,-23912.0,-13803.0,-0.0,-0.0,-0.0,-1784.0,-24056.0,-6064.0,4871.0,-18812.0,-11615.0,-55.0,-110.0,21.0,-7.4,8.87,0.5,-1.53,1.58,-0.17
-12160.0,-32448.0,-8192.0,741.0,-14096.0,-9203.0,-0.0,-0.0,-0.0,-12528.0,-16576.0,-8688.0,3255.0,-9591.0,-6706.0,-62.0,-123.0,16.0,-6.92,6.6,6.67,-0.34,0.81,0.13
-15632.0,-32576.0,8.0,-4032.0,1073.0,419.0,-0.0,-0.0,-0.0,-13920.0,-16240.0,-9136.0,-3368.0,15721.0,7616.0,-77.0,-125.0,23.0,-3.89,7.64,5.33,1.3,-2.22,0.01
304.0,-19056.0,-6144.0,-6144.0,2072.0,2845.0,-0.0,-0.0,-0.0,-2624.0,-18368.0,-4848.0,-5837.0,27315.0,11367.0,-43.0,-118.0,4.0,-4.5,9.51,0.9,1.87,-3.03,0.02
1536.0,-16384.0,-3056.0,-6528.0,324.0,72.0,-0.0,-0.0,-0.0,6256.0,-15968.0,-640.0,-6692.0,20596.0,9337.0,-29.0,-103.0,14.0,-2.6,8.49,-1.48,1.3,-1.69,0.12
14464.0,-30712.0,-3584.0,-0.0,3072.0,1712.0,-0.0,-0.0,-0.0,15664.0,-13032.0,-2816.0,990.0,444.0,3543.0,15.0,-91.0,-1.0,0.72,10.04,-3.91,0.04,-0.34,0.07
11296.0,-16320.0,-8096.0,41.0,20.0,-7671.0,-0.0,-0.0,-0.0,11208.0,-16096.0,-5760.0,3772.0,-16733.0,-7542.0,-4.0,-105.0,11.0,-1.22,10.89,-3.41,-1.33,2.25,-0.04
528.0,-16112.0,-4064.0,20.0,536.0,-12090.0,-0.0,-0.0,-0.0,216.0,-15752.0,-4624.0,1764.0,-17898.0,-11878.0,-26.0,-105.0,11.0,-4.17,9.04,0.32,-1.71,2.22,-0.09
104.0,-31960.0,-0.0,3072.0,-16320.0,-12277.0,-0.0,-0.0,-0.0,-5744.0,-16008.0,-5488.0,3562.0,-16365.0,-9592.0,-56.0,-114.0,10.0,-4.28,7.14,4.57,-1.31,1.89,0.07
-12216.0,-32064.0,-8576.0,4.0,-10232.0,-1839.0,-0.0,-0.0,-0.0,-12424.0,-15280.0,-8944.0,1780.0,-9574.0,-196.0,-72.0,-128.0,16.0,-4.9,6.62,6.28,-0.4,0.66,-0.03
-12256.0,-17016.0,-11952.0,-1024.0,1816.0,2072.0,-0.0,-0.0,-0.0,-10336.0,-17328.0,-10104.0,-1487.0,14105.0,8930.0,-62.0,-120.0,23.0,-5.42,8.84,3.03,1.21,-2.13,-0.06
1096.0,-32160.0,-6128.0,33.0,3080.0,2560.0,-0.0,-0.0,-0.0,-1064.0,-16824.0,-4376.0,-4376.0,25314.0,12055.0,-48.0,-110.0,11.0,-3.38,9.36,-0.1,1.81,-2.95,0.01
872.0,-32256.0,-4096.0,-7166.0,204.0,1252.0,-0.0,-0.0,-0.0,8448.0,-15416.0,-1832.0,-4800.0,16447.0,7398.0,-6.0,-96.0,15.0,-3.06,9.59,-2.87,1.04,-1.79,0.11
12928.0,-30064.0,-4056.0,1043.0,26.0,1600.0,-0.0,-0.0,-0.0,14336.0,-12792.0,-6168.0,1068.0,-2757.0,-69.0,13.0,-96.0,10.0,2.17,10.63,-2.47,-0.35,0.02,-0.0
8.0,-16368.0,-6656.0,1025.0,297.0,-10176.0,-0.0,-0.0,-0.0,6560.0,-15072.0,-6616.0,2403.0,-16518.0,-8268.0,2.0,-98.0,19.0,-2.59,9.71,-2.1,-1.42,2.12,-0.03
552.0,-15784.0,-6048.0,1400.0,20.0,-12279.0,-0.0,-0.0,-0.0,560.0,-14872.0,-5480.0,2673.0,-13964.0,-12216.0,-38.0,-105.0,14.0,-5.32,8.71,0.66,-1.38,2.01,0.06
1024.0,-31680.0,-11200.0,2954.0,-8151.0,-4094.0,-0.0,-0.0,-0.0,-17528.0,-15296.0,-11232.0,3699.0,-3522.0,-1276.0,-52.0,-114.0,5.0,-3.53,7.06,8.39,0.37,-1.18,-0.07
-8024.0,-15712.0,-9200.0,-2319.0,272.0,33.0,-0.0,-0.0,-0.0,-8224.0,-15776.0,-7696.0,-3327.0,6582.0,7232.0,-46.0,-123.0,2.0,-4.09,7.43,4.67,0.31,-0.19,-0.24
256.0,-18176.0,-7648.0,-8166.0,1800.0,257.0,-0.0,-0.0,-0.0,632.0,-17448.0,-5856.0,-4700.0,12251.0,9754.0,-29.0,-98.0,7.0,-4.48,8.92,-0.27,0.64,-1.31,-0.14
4736.0,-32240.0,-7936.0,-2493.0,9218.0,2065.0,-0.0,-0.0,-0.0,5768.0,-15592.0,-6392.0,-2288.0,8138.0,6263.0,-6.0,-94.0,29.0,-2.85,9.24,-2.64,0.55,-0.97,0.15
6720.0,-15968.0,-8176.0,13.0,337.0,37.0,-0.0,-0.0,-0.0,7400.0,-12904.0,-6528.0,1747.0,4624.0,779.0,14.0,-90.0,11.0,-0.39,9.41,-2.59,0.54,-0.54,0.14
14080.0,-16304.0,-8056.0,1408.0,2339.0,-6012.0,-0.0,-0.0,-0.0,14144.0,-14760.0,-5304.0,3293.0,-9205.0,-7172.0,12.0,-88.0,21.0,2.55,11.76,-0.9,-1.2,2.21,-0.06
2320.0,-18408.0,-7152.0,1.0,1258.0,-12204.0,-0.0,-0.0,-0.0,3656.0,-17416.0,-4520.0,3145.0,-23467.0,-11960.0,-20.0,-96.0,22.0,-4.59,9.44,-1.06,-1.78,2.77,-0.12
2048.0,-32256.0,-3984.0,25.0,-31487.0,-16378.0,-0.0,-0.0,-0.0,-5824.0,-16344.0,-2664.0,3314.0,-19083.0,-10785.0,-55.0,-108.0,14.0,-5.55,6.5,2.24,-1.33,2.55,-0.01
-15336.0,-16984.0,-9984.0,128.0,-12255.0,-6094.0,-0.0,-0.0,-0.0,-15320.0,-16384.0,-9792.0,3948.0,-7933.0,-4235.0,-67.0,-125.0,11.0,-6.64,6.51,7.24,-0.2,0.19,0.04
-16368.0,-18368.0,-10240.0,-4030.0,2596.0,164.0,-0.0,-0.0,-0.0,-14392.0,-18408.0,-9040.0,-2434.0,17122.0,9404.0,-71.0,-134.0,17.0,-5.03,7.88,5.2,1.66,-2.74,-0.04
96.0,-32768.0,-2944.0,-6072.0,5143.0,2052.0,-0.0,-0.0,-0.0,352.0,-18432.0,-824.0,-4611.0,32767.0,13624.0,-41.0,-113.0,4.0,-3.74,8.91,-0.61,2.03,-3.66,0.08
1160.0,-32384.0,-0.0,-4086.0,2052.0,18.0,-0.0,-0.0,-0.0,9624.0,-15896.0,840.0,-4523.0,19791.0,8830.0,6.0,-89.0,15.0,-2.6,9.08,-2.87,1.32,-2.11,0.16
16432.0,-29680.0,-7032.0,129.0,1284.0,522.0,-0.0,-0.0,-0.0,17264.0,-13176.0,-3656.0,1154.0,-7097.0,375.0,32.0,-94.0,-8.0,1.88,10.0,-4.44,-0.41,0.94,0.06
256.0,-16256.0,-7352.0,1364.0,3136.0,-9520.0,-0.0,-0.0,-0.0,9440.0,-15640.0,-5984.0,3825.0,-17533.0,-8980.0,12.0,-105.0,2.0,-1.26,10.75,-3.26,-1.53,2.2,-0.07
1088.0,-31712.0,-2024.0,2090.0,4.0,-16384.0,-0.0,-0.0,-0.0,-160.0,-16136.0,-1176.0,1360.0,-19884.0,-13019.0,-29.0,-105.0,9.0,-3.74,7.48,0.51,-2.22,3.02,-0.16
1664.0,-32736.0,-6584.0,4162.0,-24530.0,-11698.0,-0.0,-0.0,-0.0,-7560.0,-16624.0,-6696.0,4851.0,-21007.0,-8219.0,-56.0,-116.0,5.0,-5.56,6.81,4.13,-1.37,2.15,0.0
-14848.0,-32120.0,288.0,536.0,-12094.0,264.0,-0.0,-0.0,-0.0,-13184.0,-15928.0,-9296.0,1569.0,-6821.0,-1383.0,-67.0,-128.0,26.0,-6.09,6.76,6.04,-0.16,0.29,-0.05
-13056.0,-17264.0,-10112.0,-3502.0,2049.0,1848.0,-0.0,-0.0,-0.0,-12160.0,-17440.0,-10024.0,-3396.0,13882.0,9912.0,-62.0,-125.0,16.0,-4.92,8.45,4.25,1.45,-2.45,-0.11
520.0,-32768.0,-4080.0,-5488.0,1928.0,291.0,-0.0,-0.0,-0.0,32.0,-17304.0,-3008.0,-6600.0,27476.0,11874.0,-48.0,-108.0,7.0,-3.2,9.38,0.38,1.97,-2.78,0.05
512.0,-32288.0,-4080.0,-4832.0,3604.0,1175.0,-0.0,-0.0,-0.0,5648.0,-15952.0,-688.0,-4121.0,18123.0,9264.0,-21.0,-90.0,11.0,-3.64,8.49,-2.68,1.28,-2.16,0.14
13712.0,-28672.0,-4080.0,1792.0,5120.0,129.0,-0.0,-0.0,-0.0,16080.0,-11656.0,-1896.0,280.0,1862.0,1770.0,20.0,-84.0,13.0,0.69,9.28,-4.13,0.03,-0.25,0.12
11456.0,-16336.0,-8192.0,2080.0,1033.0,-7418.0,-0.0,-0.0,-0.0,11008.0,-15800.0,-5784.0,3057.0,-16517.0,-8472.0,12.0,-93.0,7.0,-0.91,11.07,-3.56,-1.33,2.42,-0.03
1032.0,-17200.0,-5856.0,2568.0,2048.0,-12263.0,-0.0,-0.0,-0.0,2552.0,-18800.0,-3352.0,3896.0,-18400.0,-11353.0,-23.0,-101.0,13.0,-2.96,9.26,0.37,-1.85,2.45,-0.02
1224.0,-32688.0,-7808.0,594.0,-20336.0,-12031.0,-0.0,-0.0,-0.0,-4720.0,-16568.0,-6064.0,3058.0,-15664.0,-9604.0,-52.0,-109.0,15.0,-4.62,7.52,4.32,-1.53,2.03,0.1
-13528.0,-32688.0,64.0,2104.0,-12286.0,-2686.0,-0.0,-0.0,-0.0,-14304.0,-15488.0,-9488.0,2926.0,-9515.0,-1982.0,-66.0,-122.0,17.0,-5.38,6.4,6.76,-0.36,0.56,0.03
-11968.0,-19168.0,-11264.0,277.0,832.0,26.0,-0.0,-0.0,-0.0,-10640.0,-19456.0,-10840.0,-2327.0,18735.0,9382.0,-69.0,-124.0,13.0,-3.11,9.86,5.09,1.46,-2.54,-0.05
200.0,-31208.0,-3072.0,-5338.0,1056.0,140.0,-0.0,-0.0,-0.0,-264.0,-16408.0,-1616.0,-6688.0,27612.0,12163.0,-43.0,-108.0,11.0,-3.89,8.22,-1.04,1.79,-3.08,-0.01
384.0,-32128.0,-3888.0,-8192.0,705.0,8.0,-0.0,-0.0,-0.0,9736.0,-14736.0,-392.0,-4647.0,19085.0,8554.0,2.0,-95.0,4.0,-2.46,9.32,-2.95,1.15,-1.89,0.13
16896.0,-29656.0,-3792.0,2049.0,337.0,128.0,-0.0,-0.0,-0.0,16384.0,-13392.0,-3192.0,4043.0,-12747.0,-999.0,19.0,-95.0,-0.0,2.02,10.11,-3.97,-0.69,1.52,0.05
192.0,-16368.0,-7904.0,1152.0,2177.0,-9179.0,-0.0,-0.0,-0.0,5680.0,-14848.0,-6744.0,1999.0,-13061.0,-8801.0,-6.0,-101.0,15.0,-2.0,10.03,-2.41,-1.27,1.59,0.02
1472.0,-31872.0,-5600.0,1610.0,-16222.0,-16173.0,-0.0,-0.0,-0.0,-520.0,-14520.0,-5280.0,2616.0,-13744.0,-12009.0,-31.0,-113.0,9.0,-4.07,9.06,1.76,-1.48,2.08,0.02
192.0,-32768.0,-6784.0,1096.0,-15852.0,-7168.0,-0.0,-0.0,-0.0,-7296.0,-15776.0,-6408.0,6428.0,-16081.0,-4912.0,-56.0,-124.0,20.0,-3.41,7.29,5.2,-1.02,1.45,0.09
-14336.0,-32768.0,128.0,68.0,-8088.0,83.0,-0.0,-0.0,-0.0,-14696.0,-16064.0,-10016.0,-145.0,-5018.0,395.0,-73.0,-132.0,15.0,-6.08,6.71,5.57,0.21,-0.25,-0.1
-11776.0,-18032.0,-9432.0,360.0,516.0,596.0,-0.0,-0.0,-0.0,-8080.0,-17872.0,-8184.0,-3066.0,23126.0,10423.0,-62.0,-123.0,2.0,-2.65,9.47,4.2,1.57,-2.7,-0.14
24.0,-32128.0,-2536.0,-6464.0,2306.0,294.0,-0.0,-0.0,-0.0,4248.0,-16192.0,-712.0,-4586.0,25603.0,11005.0,-33.0,-108.0,-7.0,-2.33,9.26,0.14,1.36,-2.43,-0.11
272.0,-30656.0,80.0,-3421.0,8211.0,2276.0,-0.0,-0.0,-0.0,13056.0,-15168.0,-2720.0,-97.0,4813.0,7033.0,-0.0,-85.0,2.0,-0.95,10.02,-3.4,0.43,-0.81,-0.04
14400.0,-30680.0,-8184.0,1036.0,160.0,-3069.0,-0.0,-0.0,-0.0,13288.0,-15344.0,-6440.0,2394.0,-13297.0,-4890.0,16.0,-88.0,11.0,0.36,10.55,-3.92,-1.07,1.78,-0.02
640.0,-32448.0,-6128.0,41.0,388.0,-12144.0,-0.0,-0.0,-0.0,5112.0,-16000.0,-4824.0,1599.0,-16356.0,-11468.0,-9.0,-95.0,11.0,-4.02,9.7,-2.1,-1.61,2.32,0.01
784.0,-32240.0,-6144.0,2404.0,-14323.0,-11976.0,-0.0,-0.0,-0.0,-3616.0,-16168.0,-6216.0,4827.0,-15323.0,-10969.0,-44.0,-111.0,3.0,-3.6,8.38,2.78,-1.23,1.57,0.08
-17016.0,-17408.0,544.0,1537.0,-15088.0,-5088.0,-0.0,-0.0,-0.0,-18152.0,-16056.0,-11696.0,3640.0,-12179.0,-2542.0,-64.0,-124.0,10.0,-6.9,6.82,7.79,0.07,0.01,0.06
-12224.0,-32672.0,-9464.0,-4096.0,512.0,2184.0,-0.0,-0.0,-0.0,-11448.0,-17080.0,-9184.0,-3233.0,12829.0,8056.0,-52.0,-124.0,20.0,-4.28,8.0,4.93,1.09,-1.23,-0.07
32.0,-17984.0,-4096.0,240.0,128.0,2065.0,-0.0,-0.0,-0.0,672.0,-17112.0,-2464.0,-6284.0,25514.0,11116.0,-38.0,-110.0,9.0,-2.82,8.44,0.16,1.52,-2.63,-0.07
160.0,-31696.0,-4064.0,-3008.0,112.0,1345.0,-0.0,-0.0,-0.0,8448.0,-14792.0,-3304.0,-3593.0,12182.0,7939.0,1.0,-99.0,10.0,-2.06,9.25,-2.51,0.93,-1.28,0.1
16472.0,-16368.0,-7136.0,1056.0,-8032.0,584.0,-0.0,-0.0,-0.0,16440.0,-14192.0,-5840.0,4741.0,-11267.0,-477.0,21.0,-98.0,7.0,2.31,11.27,-3.96,-0.71,0.91,-0.06
1224.0,-32000.0,-6896.0,147.0,276.0,-12239.0,-0.0,-0.0,-0.0,5624.0,-16024.0,-3984.0,499.0,-15500.0,-10506.0,-15.0,-96.0,13.0,-3.32,9.22,-2.9,-1.55,2.37,-0.01
2056.0,-32000.0,-3568.0,556.0,-11836.0,-16324.0,-0.0,-0.0,-0.0,-3424.0,-15632.0,-4120.0,1471.0,-13057.0,-14196.0,-42.0,-116.0,3.0,-4.64,7.64,1.97,-1.44,1.54,0.05
304.0,-18360.0,32.0,4100.0,-21435.0,-8061.0,-0.0,-0.0,-0.0,-8896.0,-16984.0,-7792.0,4966.0,-16357.0,-6387.0,-55.0,-125.0,14.0,-4.35,7.75,6.91,-0.99,1.66,0.23
-17344.0,-31736.0,-0.0,1064.0,-2712.0,512.0,-0.0,-0.0,-0.0,-15640.0,-16032.0,-11200.0,991.0,2950.0,5144.0,-67.0,-133.0,16.0,-5.26,8.06,5.44,0.69,-1.11,-0.12
-0.0,-17720.0,-8048.0,-4432.0,2321.0,2177.0,-0.0,-0.0,-0.0,-6664.0,-17776.0,-6736.0,-4683.0,24013.0,10801.0,-71.0,-129.0,8.0,-3.98,9.14,2.27,1.77,-2.65,-0.1
56.0,-16608.0,-3320.0,-6522.0,1672.0,265.0,-0.0,-0.0,-0.0,5832.0,-15824.0,-480.0,-7106.0,25247.0,9134.0,-25.0,-116.0,8.0,-2.2,8.51,-0.58,1.42,-2.3,-0.04
-0.0,-30696.0,-4096.0,-1280.0,5184.0,2084.0,-0.0,-0.0,-0.0,16056.0,-13192.0,-1456.0,460.0,1373.0,4244.0,16.0,-100.0,-0.0,-0.53,10.2,-3.54,0.13,-0.5,-0.09
10304.0,-32400.0,-8168.0,1046.0,64.0,-5115.0,-0.0,-0.0,-0.0,10152.0,-15032.0,-6664.0,3156.0,-15871.0,-6222.0,9.0,-95.0,11.0,-0.91,10.51,-4.12,-1.05,2.04,0.05
128.0,-16360.0,-6080.0,1315.0,3140.0,-11752.0,-0.0,-0.0,-0.0,4160.0,-16680.0,-4456.0,1843.0,-11594.0,-10409.0,-24.0,-103.0,14.0,-2.6,9.46,0.61,-1.66,1.44,0.02
1080.0,-32752.0,136.0,2066.0,-16384.0,-11580.0,-0.0,-0.0,-0.0,-3832.0,-16128.0,-6280.0,6279.0,-15688.0,-7806.0,-49.0,-124.0,10.0,-3.64,8.22,4.22,-1.25,1.72,0.17
-12712.0,-16760.0,64.0,552.0,-12150.0,17.0,-0.0,-0.0,-0.0,-14648.0,-16128.0,-10280.0,1560.0,-10104.0,-1946.0,-67.0,-135.0,16.0,-6.0,6.35,7.14,-0.32,0.61,0.01
-12288.0,-18392.0,-11256.0,-3774.0,842.0,2100.0,-0.0,-0.0,-0.0,-10496.0,-17872.0,-10296.0,-2622.0,16982.0,8394.0,-64.0,-134.0,15.0,-3.59,9.21,4.67,1.2,-2.24,-0.17
-2560.0,-17352.0,-3272.0,304.0,1380.0,2565.0,-0.0,-0.0,-0.0,-192.0,-16856.0,-3392.0,-6916.0,26602.0,10925.0,-42.0,-114.0,10.0,-3.1,8.93,0.13,1.68,-2.47,-0.08
1792.0,-31616.0,-2048.0,-8060.0,3344.0,3.0,-0.0,-0.0,-0.0,8928.0,-14632.0,-1432.0,-4225.0,13195.0,6754.0,-3.0,-104.0,13.0,-2.28,8.75,-2.07,0.94,-1.32,0.03
13168.0,-29632.0,-3056.0,272.0,-5238.0,16.0,-0.0,-0.0,-0.0,13288.0,-13736.0,-5456.0,2986.0,-7756.0,1056.0,15.0,-104.0,10.0,0.82,10.36,-4.06,-0.21,0.51,0.03
256.0,-16000.0,-8192.0,451.0,1280.0,-8062.0,-0.0,-0.0,-0.0,8040.0,-14376.0,-5512.0,2126.0,-9639.0,-8112.0,-2.0,-105.0,16.0,-2.17,10.07,-2.41,-0.97,1.51,0.04
2048.0,-31504.0,40.0,1.0,1152.0,-12288.0,-0.0,-0.0,-0.0,1360.0,-16280.0,-856.0,3403.0,-15985.0,-12193.0,-23.0,-114.0,13.0,-3.47,7.81,0.87,-1.57,2.02,0.02
680.0,-32512.0,-6144.0,5122.0,-20596.0,-10750.0,-0.0,-0.0,-0.0,-6424.0,-16824.0,-6712.0,6405.0,-16772.0,-7120.0,-50.0,-130.0,-0.0,-2.39,7.89,6.25,-1.23,1.85,0.15
-18392.0,-32576.0,16.0,48.0,-7032.0,449.0,-0.0,-0.0,-0.0,-17440.0,-15024.0,-11960.0,1016.0,-1710.0,2687.0,-71.0,-134.0,15.0,-4.91,7.84,5.8,0.49,-1.0,-0.11
-9672.0,-18416.0,-10048.0,-5952.0,2580.0,976.0,-0.0,-0.0,-0.0,-7736.0,-17936.0,-7944.0,-5187.0,23750.0,10415.0,-48.0,-130.0,2.0,-3.84,9.6,3.09,1.55,-2.62,-0.21
208.0,-16640.0,-1920.0,-7392.0,521.0,168.0,-0.0,-0.0,-0.0,4608.0,-16240.0,-1504.0,-6999.0,23330.0,10102.0,-23.0,-116.0,5.0,-2.54,8.87,-0.45,1.35,-2.0,-0.02
536.0,-30584.0,-3680.0,-3704.0,7709.0,1568.0,-0.0,-0.0,-0.0,11144.0,-13064.0,-3064.0,-1295.0,5541.0,5915.0,19.0,-103.0,14.0,-1.04,9.04,-3.24,0.55,-0.99,0.03
12288.0,-31168.0,-8168.0,1.0,529.0,4.0,-0.0,-0.0,-0.0,12856.0,-15776.0,-7976.0,3764.0,-11492.0,-3562.0,23.0,-104.0,-1.0,1.36,11.33,-3.7,-0.76,1.38,-0.01
1192.0,-16112.0,-7672.0,7.0,304.0,-10176.0,-0.0,-0.0,-0.0,4696.0,-14896.0,-5616.0,3001.0,-10883.0,-9341.0,-4.0,-108.0,7.0,-3.51,9.63,-1.82,-1.29,1.62,-0.0
784.0,-32704.0,-4976.0,294.0,-12252.0,-12160.0,-0.0,-0.0,-0.0,-120.0,-16024.0,-4704.0,3221.0,-13299.0,-11036.0,-42.0,-124.0,13.0,-3.16,9.23,2.25,-1.28,1.75,0.13
512.0,-16896.0,-0.0,80.0,-16255.0,-7924.0,-0.0,-0.0,-0.0,-8544.0,-16192.0,-8416.0,2470.0,-15562.0,-5124.0,-62.0,-118.0,19.0,-4.48,7.42,6.25,-1.01,1.74,0.09
-14336.0,-31728.0,296.0,576.0,-1855.0,257.0,-0.0,-0.0,-0.0,-13128.0,-16440.0,-12112.0,131.0,4295.0,4271.0,-70.0,-138.0,11.0,-4.28,8.13,5.3,0.66,-1.25,-0.15
-5472.0,-32768.0,-8192.0,-6072.0,1606.0,384.0,-0.0,-0.0,-0.0,-4320.0,-17400.0,-6336.0,-5372.0,22103.0,10541.0,-52.0,-124.0,-1.0,-2.94,9.35,2.61,1.43,-2.3,-0.21
224.0,-16352.0,-2048.0,-6656.0,674.0,384.0,-0.0,-0.0,-0.0,5392.0,-15744.0,-1136.0,-5068.0,19029.0,8725.0,-18.0,-99.0,13.0,-2.98,8.18,-0.73,1.1,-1.65,-0.08
8448.0,-29912.0,-3008.0,-2044.0,5252.0,16.0,-0.0,-0.0,-0.0,9840.0,-13768.0,-4320.0,1344.0,3749.0,5478.0,13.0,-96.0,5.0,-1.17,9.33,-3.57,0.5,-0.69,0.03
14480.0,-31744.0,-7936.0,1544.0,-8687.0,-2429.0,-0.0,-0.0,-0.0,15016.0,-15512.0,-7648.0,3579.0,-9868.0,-4763.0,15.0,-96.0,10.0,2.09,11.95,-3.62,-1.04,1.63,-0.06
2464.0,-16384.0,-4080.0,2053.0,4113.0,-11264.0,-0.0,-0.0,-0.0,4968.0,-15280.0,-1240.0,2649.0,-20575.0,-11560.0,-25.0,-94.0,13.0,-3.76,8.76,-1.83,-2.06,2.92,-0.09
96.0,-32768.0,-4096.0,2304.0,-23516.0,-16249.0,-0.0,-0.0,-0.0,-4192.0,-16624.0,-3864.0,4274.0,-19833.0,-13031.0,-59.0,-106.0,5.0,-4.68,6.81,1.63,-1.57,2.24,0.06
-12280.0,-18432.0,-8952.0,3106.0,-14173.0,-7148.0,-0.0,-0.0,-0.0,-12104.0,-17160.0,-9568.0,4051.0,-12013.0,-5750.0,-65.0,-128.0,11.0,-4.41,7.35,7.53,-0.68,0.92,0.12
-15240.0,-17024.0,-11000.0,-1919.0,5635.0,97.0,-0.0,-0.0,-0.0,-11616.0,-17328.0,-10672.0,-1728.0,9347.0,5841.0,-84.0,-128.0,16.0,-4.12,8.62,5.44,0.84,-1.48,-0.16
-0.0,-32424.0,-6136.0,-5459.0,2306.0,2304.0,-0.0,-0.0,-0.0,-5920.0,-17144.0,-5616.0,-5232.0,24119.0,11677.0,-56.0,-127.0,1.0,-4.92,8.92,1.03,1.9,-2.77,-0.07
544.0,-16368.0,224.0,-8192.0,20.0,272.0,-0.0,-0.0,-0.0,5048.0,-15328.0,-48.0,-5940.0,21310.0,7934.0,-29.0,-98.0,-2.0,-2.35,7.92,-0.79,1.51,-1.49,0.15
17952.0,-29168.0,-2728.0,1739.0,552.0,288.0,-0.0,-0.0,-0.0,17320.0,-13360.0,-1808.0,2796.0,-5444.0,2173.0,3.0,-81.0,-5.0,2.97,10.69,-3.68,-0.59,0.95,-0.09
96.0,-32032.0,-8184.0,2.0,521.0,-6399.0,-0.0,-0.0,-0.0,7760.0,-15176.0,-7328.0,3928.0,-14060.0,-6743.0,-23.0,-86.0,13.0,-2.07,10.31,-3.2,-1.01,1.16,-0.04
584.0,-14800.0,-4064.0,518.0,26.0,-12268.0,-0.0,-0.0,-0.0,2256.0,-15464.0,-4424.0,453.0,-13777.0,-12385.0,-47.0,-106.0,-1.0,-2.96,8.42,0.92,-1.79,2.02,-0.1
1032.0,-31744.0,-6784.0,4613.0,-16114.0,-11231.0,-0.0,-0.0,-0.0,-5432.0,-16688.0,-7448.0,5709.0,-11356.0,-6496.0,-66.0,-116.0,13.0,-3.42,7.78,4.87,-1.01,1.02,0.02
-12280.0,-32704.0,-9952.0,1323.0,-14312.0,-2400.0,-0.0,-0.0,-0.0,-11224.0,-15904.0,-9808.0,2172.0,-9641.0,-1112.0,-82.0,-125.0,16.0,-5.31,7.03,7.21,-0.33,0.37,-0.14
-12016.0,-17400.0,-9960.0,-2796.0,18.0,660.0,-0.0,-0.0,-0.0,-9632.0,-17544.0,-8504.0,-1351.0,13477.0,9341.0,-71.0,-127.0,1.0,-4.27,8.69,3.75,1.19,-2.25,-0.2
-1856.0,-32688.0,-3840.0,-5632.0,258.0,2569.0,-0.0,-0.0,-0.0,-104.0,-17736.0,-3440.0,-7013.0,27469.0,11465.0,-46.0,-105.0,-0.0,-3.1,9.43,0.55,1.73,-2.57,-0.05
-0.0,-31680.0,-1792.0,-6016.0,8.0,21.0,-0.0,-0.0,-0.0,7056.0,-14904.0,-1832.0,-4563.0,14517.0,7778.0,-18.0,-99.0,5.0,-2.94,8.51,-1.69,1.02,-1.35,0.06
12304.0,-29664.0,-7936.0,258.0,776.0,1665.0,-0.0,-0.0,-0.0,12416.0,-13400.0,-3696.0,1991.0,-3573.0,4111.0,10.0,-79.0,3.0,-0.54,9.99,-3.53,-0.1,0.11,0.07
9472.0,-16104.0,-7656.0,2563.0,8.0,-5824.0,-0.0,-0.0,-0.0,9712.0,-15264.0,-7240.0,1420.0,-10283.0,-7024.0,-1.0,-84.0,10.0,-0.38,10.49,-2.57,-1.05,1.56,-0.0
40.0,-16384.0,-4096.0,523.0,2312.0,-11186.0,-0.0,-0.0,-0.0,3472.0,-16216.0,-2928.0,1260.0,-13207.0,-9922.0,-30.0,-109.0,3.0,-2.97,8.96,-0.09,-1.74,1.82,-0.02
1216.0,-18048.0,-7592.0,89.0,-21242.0,-12264.0,-0.0,-0.0,-0.0,-3336.0,-18024.0,-8216.0,3885.0,-20429.0,-8831.0,-60.0,-130.0,2.0,-3.63,9.2,3.44,-1.23,2.25,0.22
16.0,-31488.0,1032.0,256.0,-8040.0,-2624.0,-0.0,-0.0,-0.0,-23136.0,-14336.0,-12128.0,-979.0,-206.0,515.0,-81.0,-127.0,13.0,-7.18,5.6,7.88,0.85,-1.31,-0.21
-6912.0,-32512.0,-6528.0,-7928.0,1282.0,1032.0,-0.0,-0.0,-0.0,-3392.0,-18504.0,-4936.0,-6027.0,22544.0,9455.0,-62.0,-120.0,-2.0,-4.35,8.72,0.73,1.64,-1.44,0.0
1040.0,-16728.0,-4096.0,18.0,4295.0,1673.0,-0.0,-0.0,-0.0,5632.0,-17416.0,-2264.0,-6705.0,21523.0,9346.0,-41.0,-95.0,-11.0,-1.11,9.25,-1.64,1.6,-2.97,0.08
15488.0,-16384.0,-2816.0,-767.0,6466.0,3336.0,-0.0,-0.0,-0.0,15320.0,-12048.0,-2144.0,-946.0,4016.0,2427.0,-13.0,-89.0,3.0,0.26,11.04,1.05,-0.61,-0.62,0.67
2304.0,-28672.0,-3552.0,515.0,1544.0,-5694.0,-0.0,-0.0,-0.0,9528.0,-11928.0,-2304.0,864.0,-27351.0,-5745.0,-20.0,-84.0,10.0,1.84,11.44,-3.05,-2.99,4.37,0.63
264.0,-31384.0,-12280.0,512.0,-32768.0,-12030.0,-0.0,-0.0,-0.0,-3008.0,-16248.0,-10808.0,-42.0,-29253.0,-2252.0,-61.0,-111.0,27.0,-5.62,8.41,-0.98,-2.02,2.8,-0.24
32.0,-31712.0,-12200.0,4352.0,-5599.0,-3752.0,-0.0,-0.0,-0.0,-12568.0,-15088.0,-10768.0,5039.0,1710.0,-2020.0,-78.0,-122.0,20.0,-5.41,6.82,1.28,0.86,-0.77,0.13
-10032.0,-16384.0,-8056.0,-0.0,27405.0,1568.0,-0.0,-0.0,-0.0,-9456.0,-13832.0,-5944.0,2724.0,32767.0,7374.0,-65.0,-123.0,19.0,-3.58,10.8,0.26,3.14,-4.37,0.06
5376.0,-16384.0,-3072.0,833.0,2577.0,2129.0,-0.0,-0.0,-0.0,8840.0,-14792.0,-440.0,2590.0,28908.0,5645.0,-23.0,-109.0,-3.0,-0.24,11.94,0.93,2.45,-2.72,-0.2
48.0,-30160.0,-3904.0,1441.0,1281.0,36.0,-0.0,-0.0,-0.0,16568.0,-13656.0,-3592.0,374.0,-2638.0,-289.0,-3.0,-101.0,-13.0,1.92,12.3,2.5,-1.03,0.98,0.24
1320.0,-32728.0,-3504.0,548.0,266.0,-5883.0,-0.0,-0.0,-0.0,6656.0,-14856.0,-1880.0,2595.0,-23960.0,-3825.0,-6.0,-109.0,-5.0,0.4,10.11,-1.11,-2.91,4.1,-0.42
2432.0,-30624.0,-6008.0,1156.0,-30672.0,-8189.0,-0.0,-0.0,-0.0,-4944.0,-14720.0,-7048.0,-551.0,-32118.0,-8518.0,-56.0,-111.0,10.0,-4.34,8.26,-2.69,-2.19,3.8,0.1
-8184.0,-16096.0,-11760.0,129.0,-14144.0,-5936.0,-0.0,-0.0,-0.0,-8688.0,-15664.0,-10848.0,3544.0,-5947.0,-1.0,-69.0,-119.0,22.0,-4.11,7.72,-0.19,0.02,0.27,-0.0
-12136.0,-16384.0,-8120.0,1298.0,20740.0,645.0,-0.0,-0.0,-0.0,-12160.0,-18944.0,-9056.0,110.0,23754.0,6170.0,-77.0,-130.0,19.0,-8.27,8.89,0.61,2.93,-4.37,0.26
96.0,-32192.0,-6144.0,-0.0,3742.0,3203.0,-0.0,-0.0,-0.0,1232.0,-19376.0,-5240.0,-4190.0,32767.0,6985.0,-36.0,-120.0,-0.0,2.97,11.63,5.76,2.11,-3.59,0.24
16.0,-16384.0,-3400.0,-7155.0,4232.0,6656.0,-0.0,-0.0,-0.0,9688.0,-14408.0,-4640.0,-8305.0,11728.0,6360.0,-10.0,-94.0,-3.0,-0.94,9.76,1.27,0.14,-0.73,-0.27
192.0,-30720.0,-3936.0,-3584.0,32.0,272.0,-0.0,-0.0,-0.0,11696.0,-12616.0,-2032.0,-1728.0,-13711.0,1128.0,4.0,-85.0,2.0,-0.8,9.18,-3.26,-1.61,2.55,-0.05
752.0,-16800.0,-8064.0,519.0,368.0,-4958.0,-0.0,-0.0,-0.0,6536.0,-15392.0,-8488.0,66.0,-20625.0,-5884.0,-13.0,-94.0,17.0,-1.58,10.44,-5.81,-1.9,2.63,0.2
32.0,-15808.0,-11920.0,1074.0,-15872.0,-11776.0,-0.0,-0.0,-0.0,2480.0,-14344.0,-8264.0,2103.0,-12894.0,-9656.0,-44.0,-109.0,22.0,-3.43,9.08,-2.14,-0.75,1.58,-0.26
544.0,-15520.0,-5096.0,192.0,-6112.0,-12284.0,-0.0,-0.0,-0.0,-936.0,-14728.0,-4200.0,1845.0,-4538.0,-10113.0,-61.0,-124.0,8.0,-4.24,6.88,0.77,-0.28,1.0,-0.0
-6144.0,-17664.0,-8064.0,1561.0,-6144.0,-5887.0,-0.0,-0.0,-0.0,-5688.0,-16808.0,-7400.0,5070.0,-3648.0,-5190.0,-69.0,-127.0,15.0,-1.17,7.82,5.82,-0.4,0.59,0.03
-16112.0,-17656.0,200.0,865.0,-2720.0,9.0,-0.0,-0.0,-0.0,-17344.0,-16736.0,-14288.0,881.0,-85.0,4670.0,-66.0,-127.0,20.0,-5.18,8.08,7.33,0.67,-1.26,-0.11
-8192.0,-32600.0,-6656.0,-8000.0,68.0,2048.0,-0.0,-0.0,-0.0,-6328.0,-17440.0,-4624.0,-5049.0,22818.0,13946.0,-64.0,-129.0,1.0,-5.8,8.45,0.38,1.77,-2.44,0.07
5632.0,-20448.0,-2768.0,-8184.0,769.0,782.0,-0.0,-0.0,-0.0,7424.0,-17216.0,-880.0,-6777.0,26714.0,11418.0,-23.0,-101.0,10.0,-3.0,8.73,-3.07,1.26,-3.32,0.16
16912.0,-16320.0,-768.0,-736.0,5.0,560.0,-0.0,-0.0,-0.0,16296.0,-11680.0,744.0,1143.0,1121.0,6005.0,8.0,-86.0,3.0,-0.16,8.96,-1.87,-0.22,-1.14,0.34
2064.0,-16336.0,-2944.0,19.0,195.0,193.0,-0.0,-0.0,-0.0,7504.0,-11160.0,-2104.0,3607.0,-6329.0,-1544.0,9.0,-98.0,7.0,-0.6,9.52,-0.21,-2.24,1.25,1.03
288.0,-17808.0,-6144.0,2048.0,-32768.0,-11761.0,-0.0,-0.0,-0.0,3104.0,-16568.0,-2776.0,3161.0,-32768.0,-10141.0,-8.0,-106.0,29.0,-2.73,9.95,-2.3,-2.1,4.37,-0.74
1312.0,-19696.0,-10104.0,6540.0,-21496.0,-11768.0,-0.0,-0.0,-0.0,-5824.0,-18712.0,-10240.0,4561.0,-20355.0,-10357.0,-54.0,-122.0,29.0,-2.73,8.59,1.15,-0.98,2.17,0.09
-14848.0,-31216.0,-12272.0,530.0,12.0,-3980.0,-0.0,-0.0,-0.0,-15480.0,-16328.0,-12096.0,-458.0,7983.0,-4314.0,-76.0,-132.0,27.0,-7.69,8.24,5.59,0.98,-1.64,-0.27
-11136.0,-17320.0,-7160.0,-6388.0,658.0,1600.0,-0.0,-0.0,-0.0,-7704.0,-15488.0,-3912.0,-6541.0,23117.0,6906.0,-67.0,-140.0,19.0,-2.06,8.65,5.88,2.08,-2.67,-0.37
576.0,-32704.0,-2416.0,-6828.0,486.0,-0.0,-0.0,-0.0,-0.0,960.0,-16856.0,-2360.0,-6279.0,21851.0,8750.0,-38.0,-113.0,-2.0,-4.46,9.36,0.85,1.85,-2.1,0.27
24.0,-31224.0,-3968.0,1536.0,4104.0,520.0,-0.0,-0.0,-0.0,8448.0,-14040.0,-2240.0,-4326.0,10542.0,5030.0,-15.0,-91.0,-1.0,-0.91,8.68,0.35,0.24,-1.65,0.58
-0.0,-15616.0,-3504.0,-3324.0,198.0,1158.0,-0.0,-0.0,-0.0,8744.0,-11536.0,-4112.0,-1125.0,-3332.0,1143.0,-0.0,-95.0,-0.0,-2.35,10.15,-1.04,-1.17,1.3,0.92
256.0,-29056.0,-3776.0,2760.0,514.0,-5373.0,-0.0,-0.0,-0.0,8240.0,-11160.0,-656.0,1974.0,-13312.0,-4473.0,-13.0,-99.0,13.0,3.71,7.44,-1.42,-2.31,2.93,-0.32
64.0,-32768.0,-7648.0,1289.0,-31869.0,-12287.0,-0.0,-0.0,-0.0,-1624.0,-18136.0,-7752.0,1348.0,-28620.0,-9186.0,-39.0,-119.0,22.0,-2.39,9.18,-1.43,-1.86,3.56,0.19
-6040.0,-16384.0,-10240.0,4160.0,-13055.0,-11255.0,-0.0,-0.0,-0.0,-8168.0,-16280.0,-9640.0,6750.0,-10729.0,-8663.0,-64.0,-134.0,17.0,-6.48,8.16,1.86,-0.01,0.6,-0.07
-15480.0,-32256.0,-11680.0,320.0,8850.0,131.0,-0.0,-0.0,-0.0,-16016.0,-16672.0,-11384.0,-1002.0,15732.0,2048.0,-75.0,-125.0,21.0,-4.42,8.16,7.53,1.65,-2.88,-0.14
-8120.0,-18224.0,352.0,-4608.0,192.0,1188.0,-0.0,-0.0,-0.0,-5048.0,-17480.0,-4808.0,-5338.0,22502.0,8791.0,-44.0,-122.0,5.0,-3.96,9.44,4.54,1.84,-2.91,-0.03
2656.0,-32768.0,-3320.0,-8176.0,673.0,1252.0,-0.0,-0.0,-0.0,3968.0,-16240.0,-2560.0,-6174.0,19107.0,8684.0,-26.0,-110.0,-0.0,-2.85,9.14,1.33,0.95,-1.6,-0.05
-0.0,-30640.0,-5968.0,-3568.0,32.0,1300.0,-0.0,-0.0,-0.0,11904.0,-13064.0,-936.0,-2406.0,-1447.0,5770.0,-7.0,-98.0,7.0,-1.58,8.49,-1.64,-0.78,0.18,-0.23
7024.0,-31072.0,-7984.0,1192.0,-15747.0,130.0,-0.0,-0.0,-0.0,6856.0,-14800.0,-9816.0,2046.0,-16877.0,-2403.0,3.0,-101.0,17.0,-1.12,10.94,-4.69,-1.22,2.59,0.09
4256.0,-16384.0,-10064.0,656.0,-4040.0,-4608.0,-0.0,-0.0,-0.0,6272.0,-14912.0,-8584.0,1736.0,-3635.0,-5318.0,-14.0,-103.0,26.0,-0.49,10.14,-2.61,-0.41,0.69,-0.15
1728.0,-15600.0,-3024.0,1041.0,-8703.0,-11759.0,-0.0,-0.0,-0.0,4760.0,-15744.0,-3328.0,1195.0,-10987.0,-14002.0,-39.0,-119.0,17.0,-5.53,8.81,-0.51,-0.95,2.0,-0.06
8.0,-17376.0,-6944.0,580.0,-15711.0,-11887.0,-0.0,-0.0,-0.0,-2504.0,-16480.0,-7216.0,1499.0,-14827.0,-9379.0,-55.0,-125.0,19.0,-1.93,8.67,3.83,-1.0,1.63,0.03
-12096.0,-32640.0,-9144.0,1956.0,-12126.0,-5624.0,-0.0,-0.0,-0.0,-12984.0,-15640.0,-8640.0,2043.0,-8340.0,-4232.0,-70.0,-140.0,21.0,-7.67,6.58,6.05,-0.34,0.37,-0.07
-12072.0,-32640.0,-8920.0,-2938.0,16.0,16.0,-0.0,-0.0,-0.0,-9144.0,-16920.0,-8544.0,-1371.0,9546.0,7629.0,-79.0,-133.0,9.0,-6.14,8.67,4.47,0.94,-1.38,-0.16
-3584.0,-17280.0,-6144.0,-5952.0,2068.0,1090.0,-0.0,-0.0,-0.0,-2000.0,-16896.0,-4408.0,-2114.0,18219.0,11771.0,-60.0,-135.0,-2.0,-4.03,8.42,0.67,1.37,-2.29,-0.01
1024.0,-32472.0,-2560.0,-4023.0,2560.0,64.0,-0.0,-0.0,-0.0,4256.0,-15312.0,-2368.0,-2334.0,14677.0,9660.0,-27.0,-109.0,5.0,-5.32,8.22,-1.84,1.0,-1.92,0.08
8352.0,-16360.0,-5112.0,8.0,9497.0,659.0,-0.0,-0.0,-0.0,8416.0,-13096.0,-4880.0,1399.0,8866.0,8075.0,-16.0,-100.0,7.0,0.55,10.05,-1.76,0.15,-0.69,0.05
8192.0,-32496.0,-10240.0,769.0,32.0,5.0,-0.0,-0.0,-0.0,7744.0,-15120.0,-9496.0,3225.0,-6035.0,-1278.0,2.0,-105.0,2.0,-0.68,11.0,-3.27,-0.34,0.66,-0.0
6208.0,-16376.0,-6480.0,84.0,-0.0,-8022.0,-0.0,-0.0,-0.0,6472.0,-15144.0,-4920.0,899.0,-5917.0,-8451.0,-13.0,-111.0,8.0,-2.18,9.18,-2.04,-0.64,1.45,-0.01
1248.0,-16832.0,-7616.0,6.0,-14335.0,-11964.0,-0.0,-0.0,-0.0,1736.0,-17744.0,-5600.0,1251.0,-12995.0,-10730.0,-32.0,-106.0,8.0,-4.25,9.48,1.69,-1.18,1.29,-0.04
-3328.0,-32128.0,-5760.0,1024.0,-19295.0,-11246.0,-0.0,-0.0,-0.0,-4616.0,-15464.0,-6064.0,1870.0,-17497.0,-8675.0,-60.0,-115.0,11.0,-5.03,7.52,3.11,-1.13,2.1,0.1
-0.0,-16368.0,-9728.0,912.0,-7678.0,-3072.0,-0.0,-0.0,-0.0,-14760.0,-14840.0,-9872.0,736.0,-3307.0,-646.0,-67.0,-133.0,7.0,-7.14,6.46,5.18,0.16,-0.35,-0.06
-7880.0,-32768.0,-9856.0,-3005.0,1056.0,2048.0,-0.0,-0.0,-0.0,-7128.0,-16800.0,-8480.0,-2347.0,14462.0,8330.0,-64.0,-134.0,3.0,-4.45,8.5,3.82,0.94,-1.58,-0.08
896.0,-16384.0,-4056.0,524.0,384.0,64.0,-0.0,-0.0,-0.0,648.0,-15832.0,-4208.0,-3344.0,16245.0,10323.0,-52.0,-116.0,3.0,-4.38,8.05,-0.13,1.19,-1.78,0.06
4680.0,-31616.0,-4080.0,-3455.0,9728.0,332.0,-0.0,-0.0,-0.0,5640.0,-15512.0,-4008.0,-2486.0,13247.0,8552.0,-16.0,-100.0,-0.0,-2.23,9.08,-2.08,0.85,-1.98,0.07
10304.0,-31360.0,-7936.0,530.0,-0.0,272.0,-0.0,-0.0,-0.0,10624.0,-14064.0,-6800.0,-53.0,-533.0,1677.0,-8.0,-91.0,13.0,-1.08,10.16,-3.7,0.0,0.18,0.04
9216.0,-30880.0,-8176.0,520.0,132.0,-5052.0,-0.0,-0.0,-0.0,8952.0,-14936.0,-6600.0,2160.0,-6759.0,-5870.0,-4.0,-95.0,9.0,-0.73,10.06,-2.88,-0.62,1.31,-0.01
528.0,-15840.0,-3552.0,2120.0,1107.0,-11123.0,-0.0,-0.0,-0.0,5000.0,-16008.0,-2704.0,3832.0,-14677.0,-10899.0,-25.0,-106.0,-3.0,-3.86,9.61,-0.47,-1.4,1.97,-0.08
384.0,-17472.0,-4552.0,2402.0,-16246.0,-12284.0,-0.0,-0.0,-0.0,-2264.0,-16360.0,-4896.0,2499.0,-15126.0,-11463.0,-56.0,-111.0,-13.0,-4.68,8.28,2.17,-1.34,1.67,0.03
-7808.0,-32576.0,-0.0,2192.0,-16342.0,-7840.0,-0.0,-0.0,-0.0,-9232.0,-15992.0,-7072.0,2483.0,-13400.0,-6325.0,-65.0,-133.0,4.0,-6.64,6.9,5.56,-0.79,1.16,0.04
-13824.0,-32376.0,32.0,273.0,2605.0,-0.0,-0.0,-0.0,-0.0,-12736.0,-16752.0,-11128.0,89.0,6532.0,5503.0,-78.0,-137.0,1.0,-5.21,9.09,6.46,0.56,-1.16,-0.14
-3960.0,-32512.0,40.0,-7680.0,266.0,515.0,-0.0,-0.0,-0.0,-3904.0,-17152.0,-6008.0,-5183.0,18482.0,11238.0,-64.0,-129.0,-1.0,-4.42,8.35,1.16,1.23,-1.71,-0.09
1016.0,-16576.0,-4096.0,-8128.0,578.0,1539.0,-0.0,-0.0,-0.0,4456.0,-15616.0,-704.0,-4748.0,18932.0,9316.0,-30.0,-106.0,-1.0,-3.55,8.0,-2.2,1.26,-1.96,0.11
10784.0,-30208.0,-3200.0,182.0,4640.0,166.0,-0.0,-0.0,-0.0,12600.0,-13768.0,-4312.0,-223.0,2034.0,4063.0,-13.0,-99.0,8.0,-0.19,9.88,-3.94,0.22,-0.15,0.1
9344.0,-30976.0,-8104.0,2580.0,15.0,-3824.0,-0.0,-0.0,-0.0,8800.0,-14344.0,-6888.0,2968.0,-6505.0,-5289.0,-12.0,-103.0,2.0,-1.38,10.05,-3.39,-0.56,1.01,0.03
568.0,-16056.0,-5888.0,2053.0,1700.0,-11700.0,-0.0,-0.0,-0.0,5400.0,-15736.0,-4000.0,2961.0,-10695.0,-9850.0,-35.0,-106.0,3.0,-3.24,9.5,-0.54,-1.46,1.74,-0.06
128.0,-31744.0,-6080.0,-0.0,-13364.0,-12189.0,-0.0,-0.0,-0.0,-2984.0,-15680.0,-5800.0,4816.0,-13588.0,-9601.0,-49.0,-119.0,1.0,-4.15,7.8,2.54,-1.17,1.16,0.03
-8688.0,-32512.0,32.0,2134.0,-12287.0,-5632.0,-0.0,-0.0,-0.0,-9712.0,-15728.0,-8056.0,2010.0,-11275.0,-4419.0,-72.0,-128.0,14.0,-6.06,7.16,6.23,-0.59,0.81,0.01
-12200.0,-17408.0,96.0,-1024.0,5157.0,417.0,-0.0,-0.0,-0.0,-9728.0,-17560.0,-11392.0,-621.0,8020.0,6283.0,-77.0,-143.0,14.0,-4.35,9.61,5.13,0.62,-1.13,-0.19
32.0,-17344.0,-6080.0,-8120.0,138.0,1664.0,-0.0,-0.0,-0.0,-2376.0,-16992.0,-4744.0,-4413.0,19491.0,10672.0,-65.0,-123.0,7.0,-4.2,8.58,1.01,1.32,-1.78,-0.03
1072.0,-32600.0,-3280.0,-4460.0,32.0,18.0,-0.0,-0.0,-0.0,4088.0,-15048.0,-2336.0,-4472.0,15570.0,9527.0,-46.0,-115.0,-0.0,-4.63,7.89,-1.7,1.15,-1.56,0.09
6400.0,-31664.0,-7128.0,-1976.0,646.0,2450.0,-0.0,-0.0,-0.0,8824.0,-14464.0,-4440.0,-1926.0,10464.0,7410.0,-19.0,-95.0,2.0,-0.21,9.31,-2.98,0.63,-1.53,0.09
12424.0,-30040.0,-8032.0,826.0,640.0,163.0,-0.0,-0.0,-0.0,12752.0,-14696.0,-6960.0,2241.0,-4158.0,-2419.0,1.0,-106.0,-1.0,-0.6,11.93,-3.71,-0.56,0.84,-0.04
8744.0,-32256.0,-6456.0,1024.0,3848.0,-12160.0,-0.0,-0.0,-0.0,8056.0,-15576.0,-6312.0,1563.0,-13344.0,-11061.0,-18.0,-94.0,3.0,-2.58,9.98,-2.39,-1.34,2.26,-0.03
-0.0,-15600.0,-3648.0,145.0,368.0,-16251.0,-0.0,-0.0,-0.0,-728.0,-14528.0,-3032.0,-43.0,-14865.0,-10831.0,-50.0,-115.0,2.0,-3.63,7.85,1.21,-1.87,2.57,0.02
-0.0,-32216.0,304.0,96.0,-28027.0,-7096.0,-0.0,-0.0,-0.0,-8184.0,-16080.0,-6912.0,2758.0,-17261.0,-6351.0,-71.0,-129.0,3.0,-6.11,6.27,3.63,-1.01,1.46,-0.09
-14832.0,-17240.0,-12160.0,8.0,512.0,64.0,-0.0,-0.0,-0.0,-12088.0,-16784.0,-11680.0,1075.0,2402.0,1783.0,-75.0,-128.0,11.0,-5.94,8.64,5.48,0.5,-0.55,-0.05
-11000.0,-32752.0,-7360.0,-3770.0,2096.0,65.0,-0.0,-0.0,-0.0,-8336.0,-16128.0,-5424.0,-2660.0,16788.0,9911.0,-72.0,-128.0,2.0,-6.49,6.71,1.9,1.85,-2.77,-0.01
792.0,-32624.0,-2264.0,-4096.0,1.0,1.0,-0.0,-0.0,-0.0,2432.0,-18648.0,-1240.0,-2794.0,26572.0,13264.0,-39.0,-111.0,-8.0,-2.66,9.1,-0.28,1.71,-3.68,0.03
9280.0,-32496.0,-3776.0,36.0,96.0,132.0,-0.0,-0.0,-0.0,11160.0,-14816.0,-1880.0,-1957.0,11338.0,8668.0,-13.0,-101.0,3.0,-3.39,9.6,-2.29,0.52,-0.99,0.04
10256.0,-30648.0,-6144.0,2004.0,2120.0,10.0,-0.0,-0.0,-0.0,10568.0,-14616.0,-7928.0,1639.0,-10592.0,1728.0,8.0,-96.0,3.0,0.51,10.41,-4.38,-0.55,1.3,0.07
128.0,-16120.0,-8128.0,269.0,1030.0,-6124.0,-0.0,-0.0,-0.0,6720.0,-14960.0,-6632.0,2104.0,-5030.0,-6651.0,2.0,-110.0,11.0,-1.97,8.95,-4.34,-0.42,0.83,0.02
72.0,-15312.0,-1968.0,66.0,5.0,-11984.0,-0.0,-0.0,-0.0,7792.0,-16520.0,-1568.0,3159.0,-6957.0,-12070.0,-14.0,-118.0,7.0,-5.03,10.88,0.37,-1.3,1.75,0.01
1536.0,-18352.0,256.0,1097.0,-24192.0,-11003.0,-0.0,-0.0,-0.0,-4032.0,-16864.0,-7824.0,5669.0,-20363.0,-9679.0,-43.0,-130.0,4.0,-3.01,9.26,3.41,-1.26,2.39,0.27
-14336.0,-32128.0,-9216.0,2570.0,-7677.0,-3960.0,-0.0,-0.0,-0.0,-13544.0,-15400.0,-10168.0,2058.0,-4135.0,-2739.0,-70.0,-135.0,21.0,-3.08,7.11,6.66,-0.4,0.44,-0.08
-6496.0,-16896.0,-8120.0,-4095.0,2112.0,150.0,-0.0,-0.0,-0.0,-2456.0,-17536.0,-7656.0,-3080.0,7908.0,6239.0,-77.0,-138.0,19.0,-4.61,9.1,3.43,0.16,-0.47,-0.27
256.0,-32000.0,-4952.0,100.0,4262.0,517.0,-0.0,-0.0,-0.0,-872.0,-16000.0,-4352.0,-3262.0,8018.0,9018.0,-62.0,-120.0,16.0,-5.28,7.38,0.1,0.78,-2.1,0.28
-448.0,-32256.0,-5360.0,-4060.0,2373.0,513.0,-0.0,-0.0,-0.0,672.0,-15960.0,-3792.0,-1724.0,21911.0,11319.0,-48.0,-118.0,2.0,-2.06,9.32,-0.32,1.04,-3.9,0.67
9808.0,-31488.0,-4056.0,1600.0,5152.0,136.0,-0.0,-0.0,-0.0,11592.0,-14360.0,-3208.0,-4552.0,12057.0,2116.0,1.0,-106.0,8.0,0.47,11.13,0.01,-0.3,-0.54,0.75
1064.0,-30176.0,-4048.0,352.0,1026.0,-1662.0,-0.0,-0.0,-0.0,12584.0,-12696.0,-4256.0,1105.0,-21313.0,-1571.0,-7.0,-115.0,16.0,1.73,10.71,-0.99,-1.57,2.74,0.36
1096.0,-32760.0,-6144.0,1864.0,-0.0,-11999.0,-0.0,-0.0,-0.0,2816.0,-15552.0,-7416.0,3353.0,-31766.0,-9997.0,-26.0,-120.0,26.0,-0.81,9.05,-2.27,-1.62,4.33,0.02
64.0,-32056.0,-14080.0,-1788.0,-7600.0,-10079.0,-0.0,-0.0,-0.0,-7440.0,-15272.0,-13032.0,-3189.0,-5348.0,-7897.0,-52.0,-134.0,17.0,-4.03,8.84,2.38,-0.0,0.79,-0.19
-18432.0,-31992.0,32.0,1096.0,18568.0,3465.0,-0.0,-0.0,-0.0,-20000.0,-14552.0,-11048.0,-985.0,21784.0,4979.0,-66.0,-134.0,10.0,-4.54,7.09,4.69,1.93,-3.7,-0.43
-4096.0,-17080.0,-2040.0,-4022.0,29186.0,130.0,-0.0,-0.0,-0.0,-40.0,-18336.0,-792.0,-5162.0,29719.0,8496.0,-36.0,-115.0,-2.0,-2.22,9.57,1.98,2.56,-3.79,-0.19
16.0,-16192.0,-4048.0,-3742.0,1280.0,2305.0,-0.0,-0.0,-0.0,6912.0,-14832.0,-1232.0,-4683.0,17711.0,6287.0,-6.0,-106.0,-3.0,-1.37,10.3,1.56,1.01,-1.73,-0.09
104.0,-29944.0,-2488.0,20.0,-3004.0,448.0,-0.0,-0.0,-0.0,12544.0,-12448.0,-2464.0,-1181.0,-3720.0,2243.0,13.0,-111.0,-15.0,-0.59,8.88,-2.72,-0.61,0.84,-0.26
10568.0,-31472.0,-5888.0,201.0,516.0,-5054.0,-0.0,-0.0,-0.0,9936.0,-15208.0,-4760.0,4101.0,-18815.0,-5352.0,4.0,-115.0,-0.0,-0.48,10.92,-2.86,-1.66,2.65,-0.14
256.0,-32384.0,-5632.0,1988.0,-19101.0,-11776.0,-0.0,-0.0,-0.0,2320.0,-16240.0,-4248.0,1157.0,-19389.0,-9601.0,-23.0,-114.0,8.0,-2.81,9.24,-0.95,-1.85,2.8,0.04
536.0,-17408.0,320.0,1082.0,-22016.0,-12160.0,-0.0,-0.0,-0.0,-3480.0,-17248.0,-5760.0,2609.0,-18048.0,-10136.0,-47.0,-116.0,15.0,-1.93,8.56,2.65,-1.69,2.92,0.25
-12240.0,-16376.0,328.0,1696.0,-11768.0,-3832.0,-0.0,-0.0,-0.0,-12144.0,-15328.0,-8464.0,-311.0,-9257.0,-1550.0,-64.0,-134.0,20.0,-4.06,6.19,6.76,-0.66,0.7,-0.04
-14552.0,-32704.0,-8832.0,-4096.0,304.0,12.0,-0.0,-0.0,-0.0,-12864.0,-16568.0,-7632.0,-2750.0,15792.0,10061.0,-67.0,-130.0,9.0,-5.73,7.81,4.3,1.29,-2.21,-0.15
-2032.0,-19168.0,-5696.0,-3544.0,791.0,3264.0,-0.0,-0.0,-0.0,96.0,-18944.0,-4272.0,-3672.0,24962.0,12890.0,-59.0,-127.0,3.0,-2.76,9.67,-0.58,1.92,-3.65,-0.02
328.0,-32768.0,-3024.0,545.0,4160.0,2050.0,-0.0,-0.0,-0.0,7792.0,-14648.0,-600.0,-5326.0,20770.0,5729.0,-12.0,-85.0,-9.0,-2.83,8.29,-2.52,1.4,-2.27,0.31
11328.0,-16344.0,-3712.0,640.0,-0.0,2080.0,-0.0,-0.0,-0.0,10776.0,-11688.0,-2272.0,74.0,7727.0,-1265.0,3.0,-91.0,-3.0,-0.44,9.03,-1.46,0.37,-0.67,0.22
8192.0,-32768.0,-8120.0,3.0,2353.0,-5032.0,-0.0,-0.0,-0.0,5752.0,-16472.0,-8712.0,3971.0,-13432.0,-5159.0,-0.0,-105.0,-2.0,-1.38,10.71,-1.12,-0.87,1.8,0.23
512.0,-15864.0,-7648.0,134.0,272.0,-6127.0,-0.0,-0.0,-0.0,1600.0,-15560.0,-7344.0,2647.0,-9983.0,-6487.0,-10.0,-116.0,13.0,-2.09,10.23,1.64,-0.91,1.57,0.22
-2808.0,-31424.0,-8056.0,608.0,-8192.0,-5611.0,-0.0,-0.0,-0.0,-3072.0,-14720.0,-7352.0,682.0,-7383.0,-4917.0,-31.0,-125.0,11.0,-1.1,8.97,3.35,-0.82,1.35,0.08
-5032.0,-30456.0,-10112.0,1489.0,-8125.0,-1524.0,-0.0,-0.0,-0.0,-3864.0,-15696.0,-9520.0,-404.0,-6236.0,-1129.0,-47.0,-124.0,17.0,-2.56,9.03,3.01,-0.39,0.65,-0.05
-3056.0,-31744.0,-9600.0,-1524.0,160.0,706.0,-0.0,-0.0,-0.0,-1856.0,-15560.0,-8952.0,-1772.0,4975.0,1970.0,-44.0,-122.0,8.0,-1.88,9.26,1.46,0.35,-0.8,-0.03
2048.0,-16384.0,-7088.0,14.0,293.0,256.0,-0.0,-0.0,-0.0,3064.0,-15064.0,-6656.0,-1838.0,5874.0,1732.0,-38.0,-128.0,19.0,-1.03,9.66,1.56,0.24,-0.49,-0.08
2560.0,-31184.0,-7664.0,-0.0,34.0,52.0,-0.0,-0.0,-0.0,3024.0,-14632.0,-6776.0,-772.0,2831.0,567.0,-27.0,-124.0,1.0,-1.58,9.39,0.52,0.13,-0.24,-0.02
2304.0,-16384.0,-7104.0,36.0,-379.0,36.0,-0.0,-0.0,-0.0,2232.0,-13936.0,-6272.0,-462.0,-587.0,-1199.0,-27.0,-114.0,3.0,-1.9,9.22,0.55,-0.03,0.13,0.0
1040.0,-31232.0,-7832.0,1062.0,25.0,2.0,-0.0,-0.0,-0.0,1464.0,-14864.0,-7624.0,-451.0,790.0,-1013.0,-36.0,-133.0,4.0,-1.49,9.74,1.59,-0.02,0.02,0.07
528.0,-16368.0,-8704.0,65.0,324.0,57.0,-0.0,-0.0,-0.0,1448.0,-14640.0,-8544.0,249.0,-110.0,-444.0,-23.0,-122.0,5.0,-1.23,9.81,1.25,-0.01,0.03,0.02
1160.0,-31408.0,-7648.0,288.0,1177.0,356.0,-0.0,-0.0,-0.0,1408.0,-14528.0,-7664.0,32.0,1085.0,102.0,-27.0,-129.0,3.0,-1.65,9.64,1.14,0.01,-0.05,-0.03
2048.0,-31728.0,-6904.0,196.0,296.0,146.0,-0.0,-0.0,-0.0,2120.0,-14704.0,-6832.0,630.0,29.0,-100.0,-26.0,-120.0,11.0,-1.72,9.5,1.0,-0.02,0.05,0.02
512.0,-31232.0,-7528.0,328.0,-170.0,514.0,-0.0,-0.0,-0.0,1848.0,-14576.0,-7744.0,-220.0,-180.0,-319.0,-31.0,-133.0,7.0,-1.46,9.61,0.96,-0.04,0.05,0.01
2048.0,-30656.0,16.0,195.0,200.0,11.0,-0.0,-0.0,-0.0,2160.0,-14624.0,-8112.0,-557.0,-333.0,-360.0,-31.0,-130.0,4.0,-1.37,9.7,1.08,-0.04,0.05,-0.01
2080.0,-30976.0,-0.0,139.0,32.0,17.0,-0.0,-0.0,-0.0,2440.0,-14688.0,-7384.0,-280.0,144.0,-177.0,-27.0,-124.0,13.0,-1.5,9.6,0.85,-0.04,0.01,-0.04
2104.0,-31040.0,-0.0,144.0,32.0,-208.0,-0.0,-0.0,-0.0,2424.0,-14528.0,-7592.0,-28.0,-522.0,60.0,-18.0,-124.0,8.0,-1.54,9.6,0.93,-0.06,0.02,-0.04
2048.0,-30936.0,-0.0,1.0,-221.0,210.0,-0.0,-0.0,-0.0,2272.0,-14624.0,-7960.0,-561.0,11.0,-42.0,-27.0,-122.0,13.0,-1.4,9.83,1.11,-0.06,-0.0,-0.04
